Title,Price,Date
Funny Got Data MIS Data Systems Business Analyst Mug,"19.99
            


              $
             

              19
              
               .
              


              99",2022-05-25
Funny Got Data MIS Data Systems Business Analyst Mug,"19.99
            


              $
             

              19
              
               .
              


              99",2022-05-25
Funny Got Data MIS Data Systems Business Analyst Mug,"19.99
            


              $
             

              19
              
               .
              


              99",2022-05-25
